CustomerID,NameStyle,Title,FirstName,MiddleName,LastName,Suffix,CompanyName,SalesPerson,EmailAddress,Phone,PasswordHash,PasswordSalt,rowguid,ModifiedDate
1,,,,,,,,,,714-956-6024,,,,2025-08-06
2,,,,,,,,,,277-343-5647,,,,2024-05-09
3,,,,,,,,,,719-726-4924,,,,2023-02-10
4,,,,,,,,,,543-885-5846,,,,2022-10-05
5,,,,,,,,,,615-554-3020,,,,2024-09-09
6,,,,,,,,,,547-326-9422,,,,2020-02-23
7,,,,,,,,,,117-593-7268,,,,2021-12-13
8,,,,,,,,,,678-231-5367,,,,2023-04-27
9,,,,,,,,,,486-389-2791,,,,2023-11-19
10,,,,,,,,,,822-373-6379,,,,2021-03-06
11,,,,,,,,,,993-440-3903,,,,2023-08-30
12,,,,,,,,,,447-733-7264,,,,2025-03-25
13,,,,,,,,,,124-223-6369,,,,2023-08-25
14,,,,,,,,,,967-359-2484,,,,2024-03-27
15,,,,,,,,,,370-590-9959,,,,2020-10-31
16,,,,,,,,,,700-547-9701,,,,2020-01-18
17,,,,,,,,,,608-284-3782,,,,2024-04-12
18,,,,,,,,,,865-707-8943,,,,2024-01-06
19,,,,,,,,,,637-770-5773,,,,2022-06-08
20,,,,,,,,,,178-714-3625,,,,2024-12-11
21,,,,,,,,,,356-348-9479,,,,2021-08-31
22,,,,,,,,,,857-592-3768,,,,2022-05-19
23,,,,,,,,,,891-934-8918,,,,2022-04-30
24,,,,,,,,,,203-315-5522,,,,2020-01-08
25,,,,,,,,,,844-937-8356,,,,2022-03-20
26,,,,,,,,,,270-389-9685,,,,2024-08-10
27,,,,,,,,,,567-634-3502,,,,2025-07-22
28,,,,,,,,,,778-859-6019,,,,2022-01-26
29,,,,,,,,,,962-869-8315,,,,2022-01-20
30,,,,,,,,,,988-772-8011,,,,2022-12-17
31,,,,,,,,,,443-844-6134,,,,2021-03-10
32,,,,,,,,,,470-506-7136,,,,2022-03-31
33,,,,,,,,,,240-300-2569,,,,2023-02-13
34,,,,,,,,,,412-262-4265,,,,2025-09-27
35,,,,,,,,,,623-880-2666,,,,2020-04-22
36,,,,,,,,,,844-836-4170,,,,2024-07-28
37,,,,,,,,,,117-415-4358,,,,2023-06-18
38,,,,,,,,,,450-136-9281,,,,2020-03-07
39,,,,,,,,,,424-349-7004,,,,2024-03-18
40,,,,,,,,,,736-197-8810,,,,2020-09-05
41,,,,,,,,,,459-560-2320,,,,2020-12-21
42,,,,,,,,,,658-650-8903,,,,2021-06-22
43,,,,,,,,,,897-719-4632,,,,2021-10-13
44,,,,,,,,,,619-548-8624,,,,2023-06-19
45,,,,,,,,,,748-151-6643,,,,2022-05-27
46,,,,,,,,,,876-706-1786,,,,2023-01-04
47,,,,,,,,,,565-495-4792,,,,2022-03-02
48,,,,,,,,,,677-549-9291,,,,2023-07-24
49,,,,,,,,,,226-476-2668,,,,2025-07-06
50,,,,,,,,,,436-397-9611,,,,2021-02-12
51,,,,,,,,,,426-661-5125,,,,2020-03-17
52,,,,,,,,,,956-353-9365,,,,2023-04-06
53,,,,,,,,,,947-242-8359,,,,2024-08-18
54,,,,,,,,,,159-488-8415,,,,2020-04-27
55,,,,,,,,,,559-156-8527,,,,2022-10-14
56,,,,,,,,,,217-462-1432,,,,2023-11-22
57,,,,,,,,,,628-425-1967,,,,2021-04-02
58,,,,,,,,,,473-597-1535,,,,2023-08-25
59,,,,,,,,,,719-611-8915,,,,2021-06-05
60,,,,,,,,,,636-257-9295,,,,2024-05-31
61,,,,,,,,,,775-869-3455,,,,2023-06-04
62,,,,,,,,,,233-697-7144,,,,2021-09-05
63,,,,,,,,,,286-983-1231,,,,2023-05-26
64,,,,,,,,,,827-961-2172,,,,2023-02-07
65,,,,,,,,,,896-875-9207,,,,2021-04-19
66,,,,,,,,,,384-795-1835,,,,2024-06-04
67,,,,,,,,,,836-260-5796,,,,2020-08-17
68,,,,,,,,,,313-945-7702,,,,2021-01-18
69,,,,,,,,,,790-895-4316,,,,2024-12-22
70,,,,,,,,,,357-278-2778,,,,2020-11-21
71,,,,,,,,,,111-662-3778,,,,2022-06-03
72,,,,,,,,,,299-617-2274,,,,2024-10-27
73,,,,,,,,,,667-645-4616,,,,2020-03-25
74,,,,,,,,,,888-874-8627,,,,2024-05-07
75,,,,,,,,,,110-706-7213,,,,2023-12-30
76,,,,,,,,,,189-440-6429,,,,2025-08-15
77,,,,,,,,,,160-612-2560,,,,2023-02-10
78,,,,,,,,,,145-916-2202,,,,2020-01-15
79,,,,,,,,,,502-264-5907,,,,2025-01-06
80,,,,,,,,,,710-735-9359,,,,2021-02-19
81,,,,,,,,,,374-305-5808,,,,2022-10-04
82,,,,,,,,,,861-695-7330,,,,2021-05-01
83,,,,,,,,,,270-654-9044,,,,2020-03-07
84,,,,,,,,,,537-161-1994,,,,2025-11-01
85,,,,,,,,,,166-843-1958,,,,2020-04-13
86,,,,,,,,,,340-141-2052,,,,2025-02-22
87,,,,,,,,,,165-658-7353,,,,2025-08-21
88,,,,,,,,,,518-350-8374,,,,2024-07-07
89,,,,,,,,,,362-899-8978,,,,2020-09-27
90,,,,,,,,,,372-335-2349,,,,2024-08-05
91,,,,,,,,,,695-817-8557,,,,2021-02-08
92,,,,,,,,,,591-820-7698,,,,2023-07-14
93,,,,,,,,,,543-140-3266,,,,2022-07-07
94,,,,,,,,,,399-601-6096,,,,2020-03-21
95,,,,,,,,,,742-693-8491,,,,2022-12-25
96,,,,,,,,,,721-697-7545,,,,2023-03-02
97,,,,,,,,,,730-960-1796,,,,2020-02-15
98,,,,,,,,,,918-154-3380,,,,2023-01-17
99,,,,,,,,,,880-386-2101,,,,2022-08-21
100,,,,,,,,,,276-527-1477,,,,2021-08-14
101,,,,,,,,,,411-264-5702,,,,2023-10-12
102,,,,,,,,,,528-588-1526,,,,2021-06-02
103,,,,,,,,,,968-633-9957,,,,2025-10-25
104,,,,,,,,,,792-472-3459,,,,2021-11-22
105,,,,,,,,,,676-503-8455,,,,2023-06-25
106,,,,,,,,,,445-365-5330,,,,2021-02-23
107,,,,,,,,,,108-803-7851,,,,2020-11-24
108,,,,,,,,,,804-801-7761,,,,2023-03-25
109,,,,,,,,,,522-553-7785,,,,2023-05-15
110,,,,,,,,,,508-320-8778,,,,2022-09-04
111,,,,,,,,,,918-447-6221,,,,2024-07-23
112,,,,,,,,,,570-127-7401,,,,2021-08-09
113,,,,,,,,,,576-336-4808,,,,2022-11-28
114,,,,,,,,,,346-423-8587,,,,2024-09-25
115,,,,,,,,,,208-259-6612,,,,2021-01-02
116,,,,,,,,,,738-366-7641,,,,2021-02-03
117,,,,,,,,,,698-625-7055,,,,2023-07-08
118,,,,,,,,,,844-563-4211,,,,2025-11-30
119,,,,,,,,,,670-462-3833,,,,2023-01-30
120,,,,,,,,,,663-159-6403,,,,2021-12-08
121,,,,,,,,,,349-441-2387,,,,2022-11-26
122,,,,,,,,,,693-575-4614,,,,2023-07-03
123,,,,,,,,,,727-396-8678,,,,2024-12-01
124,,,,,,,,,,272-177-1313,,,,2021-11-04
125,,,,,,,,,,259-407-3022,,,,2021-03-20
126,,,,,,,,,,435-453-9467,,,,2021-04-29
127,,,,,,,,,,546-403-9273,,,,2021-10-29
128,,,,,,,,,,132-461-4013,,,,2022-01-26
129,,,,,,,,,,444-165-6989,,,,2020-12-12
130,,,,,,,,,,338-533-4998,,,,2021-09-23
131,,,,,,,,,,584-437-9555,,,,2023-04-08
132,,,,,,,,,,707-956-5879,,,,2024-09-05
133,,,,,,,,,,224-805-9037,,,,2023-05-02
134,,,,,,,,,,501-744-4148,,,,2025-01-22
135,,,,,,,,,,268-975-7736,,,,2024-07-28
136,,,,,,,,,,398-781-5131,,,,2020-01-15
137,,,,,,,,,,994-615-1695,,,,2025-12-14
138,,,,,,,,,,443-156-4461,,,,2021-01-30
139,,,,,,,,,,568-801-4178,,,,2025-03-20
140,,,,,,,,,,229-312-7568,,,,2022-09-29
141,,,,,,,,,,179-716-8302,,,,2022-02-07
142,,,,,,,,,,667-910-6338,,,,2021-12-28
143,,,,,,,,,,960-109-6398,,,,2020-11-25
144,,,,,,,,,,586-979-1868,,,,2025-04-30
145,,,,,,,,,,604-682-2725,,,,2025-05-27
146,,,,,,,,,,514-628-5222,,,,2020-08-21
147,,,,,,,,,,453-340-4639,,,,2021-11-06
148,,,,,,,,,,562-357-1177,,,,2021-06-06
149,,,,,,,,,,894-133-2690,,,,2022-06-17
150,,,,,,,,,,335-871-8668,,,,2021-03-13
151,,,,,,,,,,786-825-9964,,,,2025-12-31
152,,,,,,,,,,173-550-2067,,,,2021-03-19
153,,,,,,,,,,319-537-9335,,,,2025-05-27
154,,,,,,,,,,966-642-6768,,,,2021-01-20
155,,,,,,,,,,860-971-1707,,,,2025-01-14
156,,,,,,,,,,847-176-7184,,,,2024-08-30
157,,,,,,,,,,832-206-8110,,,,2024-07-21
158,,,,,,,,,,659-645-4240,,,,2021-04-05
159,,,,,,,,,,935-291-8752,,,,2021-12-29
160,,,,,,,,,,399-309-5575,,,,2022-05-06
161,,,,,,,,,,157-858-3518,,,,2024-10-09
162,,,,,,,,,,132-364-4822,,,,2021-03-14
163,,,,,,,,,,587-403-2776,,,,2022-05-22
164,,,,,,,,,,160-961-1698,,,,2022-10-24
165,,,,,,,,,,216-102-9641,,,,2024-04-13
166,,,,,,,,,,156-591-4844,,,,2024-07-16
167,,,,,,,,,,559-121-1049,,,,2023-06-12
168,,,,,,,,,,733-796-1838,,,,2021-09-25
169,,,,,,,,,,889-749-8069,,,,2020-05-10
170,,,,,,,,,,543-340-1584,,,,2023-10-27
171,,,,,,,,,,900-542-6821,,,,2025-10-05
172,,,,,,,,,,501-823-5692,,,,2020-11-27
173,,,,,,,,,,840-591-2907,,,,2021-10-19
174,,,,,,,,,,865-799-7270,,,,2022-08-06
175,,,,,,,,,,308-134-1033,,,,2024-02-25
176,,,,,,,,,,959-751-9032,,,,2022-12-27
177,,,,,,,,,,379-761-4638,,,,2023-07-11
178,,,,,,,,,,542-417-9329,,,,2024-02-22
179,,,,,,,,,,525-634-2793,,,,2021-01-24
180,,,,,,,,,,509-223-7537,,,,2020-02-27
181,,,,,,,,,,916-683-8822,,,,2023-12-28
182,,,,,,,,,,930-929-9070,,,,2021-05-11
183,,,,,,,,,,767-458-5461,,,,2024-07-14
184,,,,,,,,,,969-398-5805,,,,2023-02-13
185,,,,,,,,,,973-741-7182,,,,2022-12-23
186,,,,,,,,,,865-137-1672,,,,2021-11-20
187,,,,,,,,,,802-297-9107,,,,2022-02-08
188,,,,,,,,,,755-413-1814,,,,2020-09-13
189,,,,,,,,,,133-470-6500,,,,2023-11-28
190,,,,,,,,,,611-701-9625,,,,2025-03-23
191,,,,,,,,,,893-227-7617,,,,2020-09-14
192,,,,,,,,,,504-825-5588,,,,2023-01-16
193,,,,,,,,,,326-943-2906,,,,2021-11-14
194,,,,,,,,,,334-310-9796,,,,2023-01-13
195,,,,,,,,,,328-723-8716,,,,2021-04-29
196,,,,,,,,,,558-617-7617,,,,2025-10-06
197,,,,,,,,,,597-597-7837,,,,2020-07-20
198,,,,,,,,,,783-409-5016,,,,2023-11-18
199,,,,,,,,,,659-457-8518,,,,2025-09-28
200,,,,,,,,,,234-753-8963,,,,2021-06-13
201,,,,,,,,,,881-837-2909,,,,2025-09-21
202,,,,,,,,,,162-707-1525,,,,2021-06-27
203,,,,,,,,,,519-760-9929,,,,2022-01-20
204,,,,,,,,,,288-516-5501,,,,2025-11-29
205,,,,,,,,,,279-279-5362,,,,2022-11-17
206,,,,,,,,,,156-874-8238,,,,2023-09-06
207,,,,,,,,,,522-151-7709,,,,2021-07-10
208,,,,,,,,,,897-878-8234,,,,2020-01-02
209,,,,,,,,,,837-963-5708,,,,2021-10-18
210,,,,,,,,,,567-161-2769,,,,2023-09-24
211,,,,,,,,,,999-989-4830,,,,2021-06-18
212,,,,,,,,,,628-233-9638,,,,2022-11-30
213,,,,,,,,,,877-234-4047,,,,2021-06-16
214,,,,,,,,,,581-567-5951,,,,2024-09-15
215,,,,,,,,,,710-580-4989,,,,2023-07-24
216,,,,,,,,,,894-925-3050,,,,2021-01-30
217,,,,,,,,,,324-127-5809,,,,2022-10-11
218,,,,,,,,,,425-867-4506,,,,2023-05-14
219,,,,,,,,,,488-642-2733,,,,2021-07-12
220,,,,,,,,,,765-206-7673,,,,2024-08-24
221,,,,,,,,,,914-784-4891,,,,2021-10-11
222,,,,,,,,,,350-237-1376,,,,2024-06-07
223,,,,,,,,,,636-132-4146,,,,2021-09-09
224,,,,,,,,,,347-267-7471,,,,2020-12-29
225,,,,,,,,,,235-587-8045,,,,2020-05-28
226,,,,,,,,,,134-363-5910,,,,2025-06-19
227,,,,,,,,,,308-256-3822,,,,2024-06-26
228,,,,,,,,,,585-710-4513,,,,2023-12-19
229,,,,,,,,,,603-778-7036,,,,2022-02-15
230,,,,,,,,,,679-191-8271,,,,2022-10-23
231,,,,,,,,,,653-547-4010,,,,2022-05-02
232,,,,,,,,,,244-692-2931,,,,2020-06-30
233,,,,,,,,,,559-965-9236,,,,2023-07-17
234,,,,,,,,,,948-884-6437,,,,2022-07-23
235,,,,,,,,,,264-926-4867,,,,2025-05-23
236,,,,,,,,,,571-638-1462,,,,2024-05-09
237,,,,,,,,,,349-615-8053,,,,2020-04-26
238,,,,,,,,,,942-677-9307,,,,2020-01-08
239,,,,,,,,,,493-718-8915,,,,2020-03-13
240,,,,,,,,,,659-576-4084,,,,2024-05-03
241,,,,,,,,,,316-181-2755,,,,2023-01-18
242,,,,,,,,,,628-607-9061,,,,2022-04-09
243,,,,,,,,,,449-232-1205,,,,2020-11-03
244,,,,,,,,,,337-365-6230,,,,2022-06-04
245,,,,,,,,,,220-828-8480,,,,2020-12-26
246,,,,,,,,,,608-609-3809,,,,2021-08-05
247,,,,,,,,,,391-418-3703,,,,2022-11-18
248,,,,,,,,,,425-498-4713,,,,2020-10-03
249,,,,,,,,,,173-468-4745,,,,2024-05-27
250,,,,,,,,,,803-624-5222,,,,2023-02-09
251,,,,,,,,,,514-508-2096,,,,2022-01-15
252,,,,,,,,,,164-667-6551,,,,2022-06-04
253,,,,,,,,,,749-474-2263,,,,2025-07-11
254,,,,,,,,,,206-190-4351,,,,2020-07-16
255,,,,,,,,,,180-362-9673,,,,2021-06-21
256,,,,,,,,,,927-452-4485,,,,2023-11-16
257,,,,,,,,,,327-847-1111,,,,2025-04-07
258,,,,,,,,,,280-802-9691,,,,2025-02-08
259,,,,,,,,,,819-974-3608,,,,2021-10-20
260,,,,,,,,,,278-805-4366,,,,2024-04-14
261,,,,,,,,,,601-310-5638,,,,2021-12-09
262,,,,,,,,,,704-212-7839,,,,2025-03-02
263,,,,,,,,,,679-476-2128,,,,2023-06-19
264,,,,,,,,,,373-194-7378,,,,2020-03-10
265,,,,,,,,,,981-690-4021,,,,2021-09-18
266,,,,,,,,,,835-383-9954,,,,2020-12-14
267,,,,,,,,,,411-363-6069,,,,2020-11-19
268,,,,,,,,,,746-943-9299,,,,2021-03-31
269,,,,,,,,,,105-374-3184,,,,2024-12-31
270,,,,,,,,,,915-912-8451,,,,2021-09-17
271,,,,,,,,,,863-869-5538,,,,2020-03-12
272,,,,,,,,,,690-886-2566,,,,2022-05-07
273,,,,,,,,,,199-262-7951,,,,2024-02-01
274,,,,,,,,,,815-696-9179,,,,2020-09-23
275,,,,,,,,,,926-103-3441,,,,2021-03-19
276,,,,,,,,,,669-287-1683,,,,2020-03-11
277,,,,,,,,,,733-569-6474,,,,2023-04-07
278,,,,,,,,,,979-142-9152,,,,2020-02-22
279,,,,,,,,,,970-268-1939,,,,2024-09-18
280,,,,,,,,,,676-487-6827,,,,2024-06-14
281,,,,,,,,,,285-122-2451,,,,2025-05-10
282,,,,,,,,,,527-899-3515,,,,2024-08-05
283,,,,,,,,,,125-874-7080,,,,2021-12-29
284,,,,,,,,,,261-901-8255,,,,2021-01-14
285,,,,,,,,,,965-639-9498,,,,2025-09-07
286,,,,,,,,,,469-239-7413,,,,2020-10-04
287,,,,,,,,,,729-379-5380,,,,2022-11-08
288,,,,,,,,,,492-698-8885,,,,2020-08-09
289,,,,,,,,,,445-286-7593,,,,2023-01-12
290,,,,,,,,,,513-764-8886,,,,2020-04-23
291,,,,,,,,,,652-918-8471,,,,2020-01-27
292,,,,,,,,,,143-395-3970,,,,2024-08-18
293,,,,,,,,,,700-850-7399,,,,2023-03-20
294,,,,,,,,,,737-880-1556,,,,2025-01-03
295,,,,,,,,,,573-433-9072,,,,2025-07-31
296,,,,,,,,,,539-267-4258,,,,2024-04-17
297,,,,,,,,,,727-502-5554,,,,2024-12-15
298,,,,,,,,,,745-186-9483,,,,2025-08-30
299,,,,,,,,,,910-106-5026,,,,2024-10-02
300,,,,,,,,,,215-187-2496,,,,2025-02-20
301,,,,,,,,,,152-547-1903,,,,2023-08-08
302,,,,,,,,,,976-159-5986,,,,2022-08-14
303,,,,,,,,,,307-563-7094,,,,2024-10-03
304,,,,,,,,,,945-330-9762,,,,2024-11-04
305,,,,,,,,,,922-585-9786,,,,2024-05-12
306,,,,,,,,,,785-852-8390,,,,2021-03-12
307,,,,,,,,,,188-654-8068,,,,2021-04-09
308,,,,,,,,,,507-204-2411,,,,2025-05-18
309,,,,,,,,,,261-568-4002,,,,2023-06-26
310,,,,,,,,,,344-537-5327,,,,2022-12-16
311,,,,,,,,,,182-870-8373,,,,2022-08-25
312,,,,,,,,,,340-364-6935,,,,2025-09-27
313,,,,,,,,,,944-101-5274,,,,2020-01-31
314,,,,,,,,,,495-377-7336,,,,2023-09-13
315,,,,,,,,,,890-707-3190,,,,2025-08-16
316,,,,,,,,,,911-128-8265,,,,2025-07-27
317,,,,,,,,,,136-106-8919,,,,2020-10-08
318,,,,,,,,,,344-805-1101,,,,2022-11-14
319,,,,,,,,,,130-854-8726,,,,2023-12-09
320,,,,,,,,,,659-515-4933,,,,2020-10-17
321,,,,,,,,,,405-280-7732,,,,2022-12-15
322,,,,,,,,,,572-221-1369,,,,2021-02-09
323,,,,,,,,,,775-820-9830,,,,2023-03-05
324,,,,,,,,,,921-662-6853,,,,2024-06-07
325,,,,,,,,,,588-474-8533,,,,2024-05-11
326,,,,,,,,,,955-968-1146,,,,2022-01-05
327,,,,,,,,,,639-124-5289,,,,2025-05-09
328,,,,,,,,,,775-414-5004,,,,2022-01-28
329,,,,,,,,,,373-891-6194,,,,2025-11-22
330,,,,,,,,,,222-679-1689,,,,2024-08-16
331,,,,,,,,,,217-792-2221,,,,2024-03-19
332,,,,,,,,,,404-637-6482,,,,2021-11-14
333,,,,,,,,,,574-258-6556,,,,2021-02-03
334,,,,,,,,,,798-810-1954,,,,2024-12-27
335,,,,,,,,,,806-730-5001,,,,2020-07-08
336,,,,,,,,,,696-225-7577,,,,2021-04-18
337,,,,,,,,,,502-507-7281,,,,2024-06-05
338,,,,,,,,,,562-183-1413,,,,2023-08-23
339,,,,,,,,,,380-245-8367,,,,2022-02-20
340,,,,,,,,,,705-725-5447,,,,2025-04-05
341,,,,,,,,,,663-218-2293,,,,2024-12-07
342,,,,,,,,,,148-237-3295,,,,2021-12-23
343,,,,,,,,,,194-184-5366,,,,2025-08-20
344,,,,,,,,,,292-788-4792,,,,2025-02-09
345,,,,,,,,,,856-360-4764,,,,2022-03-04
346,,,,,,,,,,874-721-1354,,,,2021-09-11
347,,,,,,,,,,810-455-1563,,,,2024-07-19
348,,,,,,,,,,143-390-3066,,,,2024-10-21
349,,,,,,,,,,931-884-2747,,,,2020-05-04
350,,,,,,,,,,542-945-5343,,,,2024-12-23
351,,,,,,,,,,147-488-3326,,,,2022-01-17
352,,,,,,,,,,836-856-5549,,,,2022-09-23
353,,,,,,,,,,916-877-1638,,,,2020-11-02
354,,,,,,,,,,937-817-6075,,,,2020-10-04
355,,,,,,,,,,497-523-4371,,,,2022-06-15
356,,,,,,,,,,496-872-7785,,,,2022-08-13
357,,,,,,,,,,613-595-1596,,,,2021-10-12
358,,,,,,,,,,315-638-9338,,,,2020-12-14
359,,,,,,,,,,377-869-2795,,,,2020-05-18
360,,,,,,,,,,972-715-3949,,,,2021-03-02
361,,,,,,,,,,287-250-1861,,,,2020-04-02
362,,,,,,,,,,189-547-5286,,,,2022-07-09
363,,,,,,,,,,654-983-8709,,,,2020-09-16
364,,,,,,,,,,110-635-1289,,,,2021-02-02
365,,,,,,,,,,226-100-7319,,,,2025-12-28
366,,,,,,,,,,193-614-4323,,,,2022-04-08
367,,,,,,,,,,970-715-7678,,,,2023-11-26
368,,,,,,,,,,502-532-5297,,,,2024-07-24
369,,,,,,,,,,962-100-8219,,,,2025-03-12
370,,,,,,,,,,287-562-6271,,,,2024-07-24
371,,,,,,,,,,491-754-7897,,,,2021-09-02
372,,,,,,,,,,455-150-4741,,,,2025-06-21
373,,,,,,,,,,542-336-5303,,,,2025-04-12
374,,,,,,,,,,345-505-6997,,,,2023-10-03
375,,,,,,,,,,825-364-4650,,,,2024-10-31
376,,,,,,,,,,998-399-3479,,,,2020-12-10
377,,,,,,,,,,887-919-2193,,,,2025-10-20
378,,,,,,,,,,594-259-3806,,,,2021-07-11
379,,,,,,,,,,972-211-8477,,,,2022-08-27
380,,,,,,,,,,399-322-2334,,,,2022-11-14
381,,,,,,,,,,461-879-3974,,,,2022-05-19
382,,,,,,,,,,593-716-5496,,,,2020-12-25
383,,,,,,,,,,560-337-5744,,,,2024-04-24
384,,,,,,,,,,628-213-6308,,,,2022-04-01
385,,,,,,,,,,766-869-7621,,,,2022-04-09
386,,,,,,,,,,289-228-5910,,,,2020-09-18
387,,,,,,,,,,138-533-4227,,,,2025-12-29
388,,,,,,,,,,229-858-2651,,,,2022-06-07
389,,,,,,,,,,751-456-4899,,,,2024-06-07
390,,,,,,,,,,736-375-3485,,,,2023-01-28
391,,,,,,,,,,877-690-8300,,,,2023-12-05
392,,,,,,,,,,488-795-4371,,,,2020-12-03
393,,,,,,,,,,976-416-7804,,,,2023-10-09
394,,,,,,,,,,931-892-5742,,,,2024-08-06
395,,,,,,,,,,760-135-6722,,,,2021-05-18
396,,,,,,,,,,116-928-4016,,,,2023-03-23
397,,,,,,,,,,999-480-1997,,,,2025-01-08
398,,,,,,,,,,697-807-7899,,,,2025-01-11
399,,,,,,,,,,870-392-9559,,,,2021-10-30
400,,,,,,,,,,349-338-2728,,,,2024-05-31
401,,,,,,,,,,578-947-1690,,,,2023-02-15
402,,,,,,,,,,613-126-5707,,,,2023-09-19
403,,,,,,,,,,872-209-7244,,,,2022-02-12
404,,,,,,,,,,695-702-4743,,,,2020-08-31
405,,,,,,,,,,638-884-3348,,,,2023-07-14
406,,,,,,,,,,352-451-7305,,,,2023-05-05
407,,,,,,,,,,843-140-6155,,,,2021-10-27
408,,,,,,,,,,870-677-7766,,,,2024-01-17
409,,,,,,,,,,706-215-3916,,,,2023-10-01
410,,,,,,,,,,907-635-8853,,,,2023-02-20
411,,,,,,,,,,667-850-6534,,,,2020-01-04
412,,,,,,,,,,195-597-6545,,,,2025-11-14
413,,,,,,,,,,419-601-3553,,,,2021-09-28
414,,,,,,,,,,191-158-6418,,,,2024-08-30
415,,,,,,,,,,886-332-9463,,,,2024-01-14
416,,,,,,,,,,294-666-8078,,,,2021-08-07
417,,,,,,,,,,205-622-2981,,,,2025-02-18
418,,,,,,,,,,816-161-4502,,,,2021-07-30
419,,,,,,,,,,765-616-6345,,,,2023-04-18
420,,,,,,,,,,786-712-7430,,,,2021-10-02
421,,,,,,,,,,828-338-6131,,,,2023-07-24
422,,,,,,,,,,393-298-1345,,,,2022-06-24
423,,,,,,,,,,459-434-2682,,,,2021-10-05
424,,,,,,,,,,631-430-2980,,,,2021-10-19
425,,,,,,,,,,356-462-5086,,,,2023-12-10
426,,,,,,,,,,788-235-7657,,,,2022-08-31
427,,,,,,,,,,173-753-3373,,,,2023-04-25
428,,,,,,,,,,644-896-9324,,,,2022-10-31
429,,,,,,,,,,930-687-6118,,,,2022-12-03
430,,,,,,,,,,464-769-9335,,,,2021-02-24
431,,,,,,,,,,656-156-2459,,,,2025-07-30
432,,,,,,,,,,958-818-5259,,,,2020-09-12
433,,,,,,,,,,282-235-1546,,,,2020-08-04
434,,,,,,,,,,517-883-2595,,,,2022-06-30
435,,,,,,,,,,119-919-5978,,,,2025-02-18
436,,,,,,,,,,979-400-3723,,,,2022-01-31
437,,,,,,,,,,661-446-6098,,,,2021-06-13
438,,,,,,,,,,511-231-5246,,,,2020-10-12
439,,,,,,,,,,272-134-2002,,,,2022-01-04
440,,,,,,,,,,999-585-9539,,,,2022-04-26
441,,,,,,,,,,190-980-6441,,,,2023-10-15
442,,,,,,,,,,536-932-5964,,,,2024-10-27
443,,,,,,,,,,999-781-6846,,,,2022-11-02
444,,,,,,,,,,101-388-6352,,,,2024-05-19
445,,,,,,,,,,827-508-4143,,,,2023-02-05
446,,,,,,,,,,504-252-2356,,,,2025-06-25
447,,,,,,,,,,756-990-4186,,,,2020-08-09
448,,,,,,,,,,669-181-1130,,,,2020-03-15
449,,,,,,,,,,343-529-9526,,,,2024-06-04
450,,,,,,,,,,113-769-9960,,,,2025-01-25
451,,,,,,,,,,426-702-6237,,,,2021-09-09
452,,,,,,,,,,616-364-4553,,,,2022-01-12
453,,,,,,,,,,145-796-2750,,,,2020-09-11
454,,,,,,,,,,550-107-7301,,,,2021-08-06
455,,,,,,,,,,664-842-5538,,,,2023-01-09
456,,,,,,,,,,990-381-8194,,,,2025-12-29
457,,,,,,,,,,917-960-5101,,,,2020-07-29
458,,,,,,,,,,503-687-3243,,,,2024-01-03
459,,,,,,,,,,525-107-4414,,,,2025-09-18
460,,,,,,,,,,754-311-7854,,,,2022-12-09
461,,,,,,,,,,905-270-2661,,,,2022-01-18
462,,,,,,,,,,306-423-1560,,,,2020-09-19
463,,,,,,,,,,920-155-9718,,,,2025-09-24
464,,,,,,,,,,916-549-9318,,,,2025-04-16
465,,,,,,,,,,105-691-4885,,,,2022-06-04
466,,,,,,,,,,191-490-4596,,,,2020-10-17
467,,,,,,,,,,731-295-5549,,,,2025-02-17
468,,,,,,,,,,761-134-9333,,,,2025-08-09
469,,,,,,,,,,259-753-9075,,,,2020-04-08
470,,,,,,,,,,457-167-8357,,,,2025-04-26
471,,,,,,,,,,880-800-5390,,,,2025-02-04
472,,,,,,,,,,766-789-5363,,,,2024-06-26
473,,,,,,,,,,256-895-5948,,,,2022-05-11
474,,,,,,,,,,142-427-8604,,,,2025-10-03
475,,,,,,,,,,922-912-1086,,,,2020-07-03
476,,,,,,,,,,364-431-3241,,,,2021-01-04
477,,,,,,,,,,977-306-9462,,,,2022-10-01
478,,,,,,,,,,632-605-4461,,,,2023-04-05
479,,,,,,,,,,792-133-2648,,,,2023-04-18
480,,,,,,,,,,382-454-6647,,,,2025-11-17
481,,,,,,,,,,488-433-8402,,,,2020-01-19
482,,,,,,,,,,873-247-3205,,,,2025-09-19
483,,,,,,,,,,794-178-3047,,,,2021-03-27
484,,,,,,,,,,660-174-6966,,,,2021-08-17
485,,,,,,,,,,624-557-4125,,,,2025-04-22
486,,,,,,,,,,303-544-1120,,,,2022-04-26
487,,,,,,,,,,229-917-3887,,,,2025-10-18
488,,,,,,,,,,897-703-2775,,,,2020-08-25
489,,,,,,,,,,489-631-4752,,,,2025-03-15
490,,,,,,,,,,579-519-9155,,,,2023-05-16
491,,,,,,,,,,383-307-5620,,,,2020-11-15
492,,,,,,,,,,181-479-7895,,,,2021-07-26
493,,,,,,,,,,196-423-3671,,,,2021-08-01
494,,,,,,,,,,679-717-3642,,,,2024-04-10
495,,,,,,,,,,491-815-3803,,,,2020-02-27
496,,,,,,,,,,752-719-4442,,,,2021-08-10
497,,,,,,,,,,958-617-2879,,,,2024-06-19
498,,,,,,,,,,894-341-3717,,,,2022-05-19
499,,,,,,,,,,785-123-4277,,,,2024-08-03
500,,,,,,,,,,954-919-5094,,,,2024-01-07
501,,,,,,,,,,857-134-6457,,,,2023-08-22
502,,,,,,,,,,584-264-8282,,,,2022-11-17
503,,,,,,,,,,428-232-5553,,,,2021-06-01
504,,,,,,,,,,618-934-6030,,,,2021-03-03
505,,,,,,,,,,310-754-1068,,,,2022-03-09
506,,,,,,,,,,839-214-6344,,,,2023-01-23
507,,,,,,,,,,318-426-8934,,,,2024-09-23
508,,,,,,,,,,650-970-8391,,,,2025-11-05
509,,,,,,,,,,606-626-7151,,,,2020-10-06
510,,,,,,,,,,221-312-3530,,,,2022-09-30
511,,,,,,,,,,369-726-6251,,,,2021-03-03
512,,,,,,,,,,191-570-5349,,,,2025-02-05
513,,,,,,,,,,986-800-7759,,,,2025-03-30
514,,,,,,,,,,513-688-9661,,,,2023-11-29
515,,,,,,,,,,281-133-5690,,,,2022-01-30
516,,,,,,,,,,805-156-2680,,,,2024-08-26
517,,,,,,,,,,959-692-4869,,,,2021-08-27
518,,,,,,,,,,454-305-5322,,,,2024-10-12
519,,,,,,,,,,136-879-7763,,,,2023-01-06
520,,,,,,,,,,951-783-9775,,,,2025-05-08
521,,,,,,,,,,538-804-7897,,,,2023-12-31
522,,,,,,,,,,508-661-2818,,,,2025-10-03
523,,,,,,,,,,676-405-1047,,,,2023-12-10
524,,,,,,,,,,283-629-2944,,,,2025-10-11
525,,,,,,,,,,439-278-9305,,,,2023-12-26
526,,,,,,,,,,712-949-5143,,,,2022-01-26
527,,,,,,,,,,642-216-5156,,,,2023-10-06
528,,,,,,,,,,894-143-5398,,,,2020-04-24
529,,,,,,,,,,869-664-6545,,,,2023-01-04
530,,,,,,,,,,629-405-5703,,,,2023-05-15
531,,,,,,,,,,400-898-5220,,,,2024-07-30
532,,,,,,,,,,208-165-6266,,,,2024-01-18
533,,,,,,,,,,243-969-1548,,,,2023-05-18
534,,,,,,,,,,801-818-5071,,,,2025-02-24
535,,,,,,,,,,955-604-3235,,,,2020-10-09
536,,,,,,,,,,869-260-5837,,,,2024-02-25
537,,,,,,,,,,546-718-6215,,,,2022-01-27
538,,,,,,,,,,757-659-8705,,,,2021-06-19
539,,,,,,,,,,926-733-7250,,,,2023-01-28
540,,,,,,,,,,193-629-4196,,,,2023-08-01
541,,,,,,,,,,685-903-6986,,,,2022-09-07
542,,,,,,,,,,256-859-9924,,,,2022-12-31
543,,,,,,,,,,240-910-5224,,,,2020-08-04
544,,,,,,,,,,822-741-7831,,,,2024-08-28
545,,,,,,,,,,582-907-6688,,,,2024-04-26
546,,,,,,,,,,743-450-5779,,,,2021-03-05
547,,,,,,,,,,626-419-1825,,,,2025-05-02
548,,,,,,,,,,343-967-3856,,,,2021-10-28
549,,,,,,,,,,153-718-2053,,,,2020-11-04
550,,,,,,,,,,792-696-9902,,,,2021-11-22
551,,,,,,,,,,374-117-8409,,,,2020-12-31
552,,,,,,,,,,501-766-3719,,,,2022-08-15
553,,,,,,,,,,955-765-2479,,,,2020-12-05
554,,,,,,,,,,320-695-8687,,,,2022-02-21
555,,,,,,,,,,513-380-5581,,,,2020-05-09
556,,,,,,,,,,793-677-7352,,,,2024-02-24
557,,,,,,,,,,210-488-6917,,,,2021-01-12
558,,,,,,,,,,578-967-1572,,,,2022-12-19
559,,,,,,,,,,668-733-6159,,,,2021-02-25
560,,,,,,,,,,777-349-7727,,,,2025-10-26
561,,,,,,,,,,979-358-9021,,,,2023-04-08
562,,,,,,,,,,285-692-8815,,,,2025-12-18
563,,,,,,,,,,890-876-1066,,,,2024-01-04
564,,,,,,,,,,895-316-9728,,,,2022-01-19
565,,,,,,,,,,836-577-4740,,,,2020-03-15
566,,,,,,,,,,190-162-2432,,,,2024-11-06
567,,,,,,,,,,394-758-9134,,,,2022-03-02
568,,,,,,,,,,142-566-5479,,,,2023-10-05
569,,,,,,,,,,763-374-8510,,,,2022-08-21
570,,,,,,,,,,681-191-9411,,,,2025-03-13
571,,,,,,,,,,822-930-8976,,,,2023-11-29
572,,,,,,,,,,469-400-4435,,,,2023-12-14
573,,,,,,,,,,621-607-8093,,,,2020-11-19
574,,,,,,,,,,375-917-6539,,,,2022-08-16
575,,,,,,,,,,457-923-2399,,,,2021-08-29
576,,,,,,,,,,558-332-3651,,,,2025-03-29
577,,,,,,,,,,982-525-7773,,,,2025-03-07
578,,,,,,,,,,812-169-6785,,,,2020-12-12
579,,,,,,,,,,553-454-6420,,,,2020-03-29
580,,,,,,,,,,823-857-6187,,,,2022-11-03
581,,,,,,,,,,193-294-6577,,,,2023-05-15
582,,,,,,,,,,782-290-6689,,,,2021-07-22
583,,,,,,,,,,966-551-5395,,,,2021-07-25
584,,,,,,,,,,411-754-7894,,,,2020-02-06
585,,,,,,,,,,962-567-4058,,,,2021-06-01
586,,,,,,,,,,190-502-3610,,,,2021-01-10
587,,,,,,,,,,768-579-6496,,,,2022-02-11
588,,,,,,,,,,445-467-4643,,,,2021-09-10
589,,,,,,,,,,118-947-5169,,,,2023-07-29
590,,,,,,,,,,610-744-8298,,,,2022-10-26
591,,,,,,,,,,862-198-1173,,,,2021-01-19
592,,,,,,,,,,809-544-8535,,,,2022-08-27
593,,,,,,,,,,205-160-6396,,,,2020-12-09
594,,,,,,,,,,932-716-1951,,,,2021-03-26
595,,,,,,,,,,773-204-3224,,,,2023-08-08
596,,,,,,,,,,500-160-3512,,,,2024-09-14
597,,,,,,,,,,329-547-3414,,,,2023-09-28
598,,,,,,,,,,142-673-6520,,,,2020-12-27
599,,,,,,,,,,909-786-2824,,,,2023-10-19
600,,,,,,,,,,112-749-1144,,,,2020-09-08
601,,,,,,,,,,848-458-8819,,,,2025-07-19
602,,,,,,,,,,700-587-9920,,,,2023-12-23
603,,,,,,,,,,832-711-8012,,,,2021-02-18
604,,,,,,,,,,454-461-6373,,,,2024-09-18
605,,,,,,,,,,373-252-5446,,,,2023-05-05
606,,,,,,,,,,980-823-3495,,,,2023-09-02
607,,,,,,,,,,701-970-7309,,,,2025-08-20
608,,,,,,,,,,667-440-2775,,,,2021-03-26
609,,,,,,,,,,606-649-3592,,,,2025-10-09
610,,,,,,,,,,801-376-4366,,,,2020-06-01
611,,,,,,,,,,830-953-4142,,,,2022-07-09
612,,,,,,,,,,774-231-9646,,,,2023-04-04
613,,,,,,,,,,618-662-3791,,,,2021-08-11
614,,,,,,,,,,385-195-7767,,,,2021-02-28
615,,,,,,,,,,767-751-5718,,,,2021-07-23
616,,,,,,,,,,234-705-9089,,,,2024-07-15
617,,,,,,,,,,485-586-9976,,,,2023-01-10
618,,,,,,,,,,569-759-6139,,,,2023-03-22
619,,,,,,,,,,806-745-4586,,,,2020-08-05
620,,,,,,,,,,267-327-9300,,,,2020-08-23
621,,,,,,,,,,252-305-4204,,,,2024-05-14
622,,,,,,,,,,379-776-6321,,,,2025-02-19
623,,,,,,,,,,675-315-2587,,,,2021-02-06
624,,,,,,,,,,892-512-3651,,,,2020-06-18
625,,,,,,,,,,877-401-7096,,,,2021-11-14
626,,,,,,,,,,294-569-6896,,,,2020-04-03
627,,,,,,,,,,270-249-1053,,,,2023-02-08
628,,,,,,,,,,522-887-7617,,,,2024-03-17
629,,,,,,,,,,321-848-5866,,,,2024-07-05
630,,,,,,,,,,286-955-4385,,,,2020-08-10
631,,,,,,,,,,580-944-3837,,,,2023-01-18
632,,,,,,,,,,868-148-4784,,,,2024-08-17
633,,,,,,,,,,729-104-6287,,,,2023-02-13
634,,,,,,,,,,663-774-2547,,,,2022-09-25
635,,,,,,,,,,425-827-7257,,,,2021-01-14
636,,,,,,,,,,732-550-2603,,,,2023-02-03
637,,,,,,,,,,339-316-8578,,,,2024-05-21
638,,,,,,,,,,465-328-2212,,,,2022-05-14
639,,,,,,,,,,356-755-1729,,,,2022-01-08
640,,,,,,,,,,839-795-9741,,,,2020-10-04
641,,,,,,,,,,959-815-3059,,,,2024-02-10
642,,,,,,,,,,915-769-6807,,,,2022-06-07
643,,,,,,,,,,938-725-2898,,,,2025-04-26
644,,,,,,,,,,432-632-9454,,,,2021-09-13
645,,,,,,,,,,466-187-8572,,,,2025-09-27
646,,,,,,,,,,846-966-9143,,,,2025-11-02
647,,,,,,,,,,752-456-2381,,,,2021-02-12
648,,,,,,,,,,385-114-3486,,,,2022-06-25
649,,,,,,,,,,102-289-1978,,,,2023-05-02
650,,,,,,,,,,102-826-2942,,,,2025-03-26
651,,,,,,,,,,864-517-4714,,,,2020-06-15
652,,,,,,,,,,840-765-2058,,,,2022-02-08
653,,,,,,,,,,334-204-6622,,,,2023-03-29
654,,,,,,,,,,640-178-6058,,,,2025-07-01
655,,,,,,,,,,127-828-1470,,,,2025-02-09
656,,,,,,,,,,901-852-4389,,,,2021-06-22
657,,,,,,,,,,936-687-5082,,,,2025-11-03
658,,,,,,,,,,940-785-8032,,,,2022-09-12
659,,,,,,,,,,615-824-7749,,,,2022-06-27
660,,,,,,,,,,257-482-9762,,,,2023-09-20
661,,,,,,,,,,574-885-8032,,,,2024-09-10
662,,,,,,,,,,656-693-9375,,,,2021-02-10
663,,,,,,,,,,992-220-7498,,,,2021-09-23
664,,,,,,,,,,108-649-3075,,,,2025-09-12
665,,,,,,,,,,333-637-2891,,,,2023-07-27
666,,,,,,,,,,630-643-9461,,,,2020-07-26
667,,,,,,,,,,326-498-5212,,,,2021-04-21
668,,,,,,,,,,464-645-1497,,,,2020-03-21
669,,,,,,,,,,619-651-5248,,,,2023-06-06
670,,,,,,,,,,386-323-9445,,,,2023-08-30
671,,,,,,,,,,792-313-5468,,,,2025-07-07
672,,,,,,,,,,572-603-5909,,,,2022-03-15
673,,,,,,,,,,528-667-4039,,,,2022-12-25
674,,,,,,,,,,867-984-5109,,,,2023-12-08
675,,,,,,,,,,351-106-4523,,,,2025-05-04
676,,,,,,,,,,611-568-8694,,,,2023-07-08
677,,,,,,,,,,152-758-4749,,,,2023-01-29
678,,,,,,,,,,320-722-1860,,,,2022-12-10
679,,,,,,,,,,305-997-4864,,,,2022-10-22
680,,,,,,,,,,723-240-9783,,,,2024-12-30
681,,,,,,,,,,577-521-2825,,,,2025-07-29
682,,,,,,,,,,465-636-4420,,,,2022-03-14
683,,,,,,,,,,980-215-9283,,,,2022-09-12
684,,,,,,,,,,121-252-1933,,,,2023-04-22
685,,,,,,,,,,190-421-2528,,,,2022-06-21
686,,,,,,,,,,188-889-9733,,,,2022-11-02
687,,,,,,,,,,577-125-9410,,,,2023-05-09
688,,,,,,,,,,392-433-8873,,,,2024-09-29
689,,,,,,,,,,896-876-9692,,,,2025-03-18
690,,,,,,,,,,867-458-9453,,,,2025-11-26
691,,,,,,,,,,597-922-3097,,,,2024-03-10
692,,,,,,,,,,719-288-7324,,,,2020-10-12
693,,,,,,,,,,590-259-1378,,,,2021-06-14
694,,,,,,,,,,614-954-8295,,,,2023-07-04
695,,,,,,,,,,230-249-7946,,,,2022-09-07
696,,,,,,,,,,187-926-6832,,,,2024-01-22
697,,,,,,,,,,935-433-5689,,,,2024-05-03
698,,,,,,,,,,657-984-3456,,,,2022-08-16
699,,,,,,,,,,879-549-6663,,,,2024-03-31
700,,,,,,,,,,309-434-5241,,,,2021-01-15
701,,,,,,,,,,637-553-2695,,,,2023-03-24
702,,,,,,,,,,405-345-9353,,,,2024-05-27
703,,,,,,,,,,613-962-4482,,,,2023-01-23
704,,,,,,,,,,275-587-5889,,,,2025-09-09
705,,,,,,,,,,373-859-4124,,,,2025-07-11
706,,,,,,,,,,328-291-9368,,,,2023-10-07
707,,,,,,,,,,551-892-5562,,,,2021-05-15
708,,,,,,,,,,440-246-2441,,,,2022-03-29
709,,,,,,,,,,831-276-3569,,,,2020-12-12
710,,,,,,,,,,242-493-6558,,,,2024-03-03
711,,,,,,,,,,145-170-1981,,,,2024-01-04
712,,,,,,,,,,720-217-9163,,,,2020-08-25
713,,,,,,,,,,571-480-2283,,,,2020-01-25
714,,,,,,,,,,595-101-9465,,,,2025-02-10
715,,,,,,,,,,548-200-4559,,,,2022-04-17
716,,,,,,,,,,420-222-4690,,,,2025-04-15
717,,,,,,,,,,129-286-1868,,,,2024-03-05
718,,,,,,,,,,527-284-2695,,,,2023-02-11
719,,,,,,,,,,906-390-3407,,,,2023-07-22
720,,,,,,,,,,788-261-9607,,,,2020-10-23
721,,,,,,,,,,733-399-7897,,,,2024-12-01
722,,,,,,,,,,701-714-1716,,,,2024-05-17
723,,,,,,,,,,109-451-6284,,,,2024-04-28
724,,,,,,,,,,538-861-3252,,,,2024-07-22
725,,,,,,,,,,861-891-3686,,,,2022-07-23
726,,,,,,,,,,250-559-1655,,,,2023-03-07
727,,,,,,,,,,658-391-8189,,,,2024-02-26
728,,,,,,,,,,923-987-1590,,,,2024-11-19
729,,,,,,,,,,523-834-1361,,,,2023-03-15
730,,,,,,,,,,349-510-7975,,,,2024-06-09
731,,,,,,,,,,820-538-5621,,,,2023-04-11
732,,,,,,,,,,344-278-4531,,,,2024-04-21
733,,,,,,,,,,813-993-5737,,,,2024-08-29
734,,,,,,,,,,721-797-8386,,,,2024-09-29
735,,,,,,,,,,366-759-5243,,,,2022-02-11
736,,,,,,,,,,656-688-5978,,,,2025-05-11
737,,,,,,,,,,225-138-2291,,,,2023-02-02
738,,,,,,,,,,530-120-5338,,,,2025-09-18
739,,,,,,,,,,759-673-9827,,,,2022-04-04
740,,,,,,,,,,579-327-2237,,,,2022-07-07
741,,,,,,,,,,858-590-1330,,,,2023-04-22
742,,,,,,,,,,141-713-2348,,,,2021-04-17
743,,,,,,,,,,541-263-6981,,,,2022-05-12
744,,,,,,,,,,502-163-7241,,,,2022-01-26
745,,,,,,,,,,120-776-7526,,,,2023-11-25
746,,,,,,,,,,410-702-4031,,,,2020-11-20
747,,,,,,,,,,366-639-6469,,,,2020-08-30
748,,,,,,,,,,346-989-3979,,,,2021-04-22
749,,,,,,,,,,255-681-7365,,,,2023-10-21
750,,,,,,,,,,511-372-8294,,,,2022-03-07
751,,,,,,,,,,241-611-9997,,,,2025-08-08
752,,,,,,,,,,710-911-6008,,,,2025-05-23
753,,,,,,,,,,654-448-3643,,,,2020-01-13
754,,,,,,,,,,116-973-2477,,,,2021-08-01
755,,,,,,,,,,456-888-4510,,,,2023-05-26
756,,,,,,,,,,164-838-4889,,,,2025-07-30
757,,,,,,,,,,653-625-4337,,,,2022-05-21
758,,,,,,,,,,996-605-8126,,,,2021-01-31
759,,,,,,,,,,742-382-5218,,,,2024-04-29
760,,,,,,,,,,633-246-9122,,,,2023-04-19
761,,,,,,,,,,662-638-1504,,,,2024-09-25
762,,,,,,,,,,103-106-7339,,,,2025-11-22
763,,,,,,,,,,825-713-5584,,,,2021-02-22
764,,,,,,,,,,354-578-4090,,,,2024-07-22
765,,,,,,,,,,460-430-2567,,,,2021-10-13
766,,,,,,,,,,122-518-3611,,,,2021-05-26
767,,,,,,,,,,440-767-6581,,,,2020-02-16
768,,,,,,,,,,317-925-2312,,,,2024-01-19
769,,,,,,,,,,130-452-7513,,,,2024-03-06
770,,,,,,,,,,584-273-5878,,,,2020-12-04
771,,,,,,,,,,286-603-6966,,,,2021-08-31
772,,,,,,,,,,142-503-6248,,,,2024-02-12
773,,,,,,,,,,762-849-3253,,,,2023-04-24
774,,,,,,,,,,969-876-2366,,,,2023-02-17
775,,,,,,,,,,706-603-4032,,,,2021-01-03
776,,,,,,,,,,544-797-4623,,,,2022-03-04
777,,,,,,,,,,263-164-7485,,,,2020-06-09
778,,,,,,,,,,290-451-6397,,,,2021-07-07
779,,,,,,,,,,609-487-9068,,,,2023-06-25
780,,,,,,,,,,556-318-1992,,,,2023-08-07
781,,,,,,,,,,701-264-6744,,,,2020-07-19
782,,,,,,,,,,997-572-8972,,,,2023-03-02
783,,,,,,,,,,362-404-1849,,,,2023-05-22
784,,,,,,,,,,533-619-8828,,,,2022-06-14
785,,,,,,,,,,370-748-4181,,,,2024-10-12
786,,,,,,,,,,379-213-6671,,,,2022-01-22
787,,,,,,,,,,619-831-3021,,,,2024-04-09
788,,,,,,,,,,111-177-3243,,,,2022-03-14
789,,,,,,,,,,255-494-2730,,,,2025-02-16
790,,,,,,,,,,225-380-3451,,,,2020-05-15
791,,,,,,,,,,148-850-1412,,,,2023-07-17
792,,,,,,,,,,369-482-7879,,,,2022-12-17
793,,,,,,,,,,502-622-8189,,,,2024-02-29
794,,,,,,,,,,917-721-6851,,,,2023-08-04
795,,,,,,,,,,738-735-9889,,,,2021-10-25
796,,,,,,,,,,852-309-2587,,,,2022-11-06
797,,,,,,,,,,194-953-4468,,,,2020-09-03
798,,,,,,,,,,284-677-7666,,,,2021-11-26
799,,,,,,,,,,191-645-5635,,,,2021-07-07
800,,,,,,,,,,915-379-2248,,,,2023-05-04
801,,,,,,,,,,258-430-4965,,,,2025-08-19
802,,,,,,,,,,358-739-6191,,,,2022-12-04
803,,,,,,,,,,656-742-8781,,,,2020-12-07
804,,,,,,,,,,268-823-7622,,,,2024-03-21
805,,,,,,,,,,504-604-3691,,,,2020-12-26
806,,,,,,,,,,105-473-8286,,,,2025-09-25
807,,,,,,,,,,340-639-5380,,,,2024-03-19
808,,,,,,,,,,627-642-8545,,,,2021-05-24
809,,,,,,,,,,777-333-4492,,,,2020-06-15
810,,,,,,,,,,461-721-9213,,,,2021-10-31
811,,,,,,,,,,250-705-1158,,,,2021-12-28
812,,,,,,,,,,827-912-6240,,,,2022-07-24
813,,,,,,,,,,510-480-2470,,,,2020-06-15
814,,,,,,,,,,791-817-4182,,,,2020-03-17
815,,,,,,,,,,137-886-9117,,,,2020-11-21
816,,,,,,,,,,337-989-6996,,,,2021-03-09
817,,,,,,,,,,597-443-6978,,,,2024-05-10
818,,,,,,,,,,805-626-9025,,,,2023-11-02
819,,,,,,,,,,367-238-5199,,,,2022-12-09
820,,,,,,,,,,884-960-8283,,,,2020-09-15
821,,,,,,,,,,821-711-5917,,,,2020-10-31
822,,,,,,,,,,995-930-4197,,,,2021-07-07
823,,,,,,,,,,732-140-7079,,,,2022-03-15
824,,,,,,,,,,175-182-5721,,,,2025-07-01
825,,,,,,,,,,941-946-5059,,,,2025-10-09
826,,,,,,,,,,180-391-4356,,,,2025-08-03
827,,,,,,,,,,493-739-1446,,,,2021-09-26
828,,,,,,,,,,661-831-9034,,,,2020-07-07
829,,,,,,,,,,480-694-4989,,,,2024-01-20
830,,,,,,,,,,204-282-8034,,,,2022-01-03
831,,,,,,,,,,330-140-1964,,,,2021-12-05
832,,,,,,,,,,146-829-5057,,,,2025-10-30
833,,,,,,,,,,291-589-6064,,,,2022-07-15
834,,,,,,,,,,765-484-7390,,,,2025-08-08
835,,,,,,,,,,251-676-3593,,,,2022-09-14
836,,,,,,,,,,753-683-1603,,,,2025-04-20
837,,,,,,,,,,149-723-7073,,,,2024-06-26
838,,,,,,,,,,360-867-1074,,,,2023-04-08
839,,,,,,,,,,553-318-7541,,,,2020-11-02
840,,,,,,,,,,502-338-6844,,,,2020-04-10
841,,,,,,,,,,135-792-4571,,,,2020-05-05
842,,,,,,,,,,281-517-1019,,,,2025-03-09
843,,,,,,,,,,234-306-1862,,,,2023-10-21
844,,,,,,,,,,449-955-3498,,,,2023-10-23
845,,,,,,,,,,346-933-5532,,,,2025-07-03
846,,,,,,,,,,170-243-7037,,,,2020-06-15
847,,,,,,,,,,369-971-5698,,,,2025-01-11
848,,,,,,,,,,642-921-3893,,,,2021-05-15
849,,,,,,,,,,850-995-7700,,,,2020-07-22
850,,,,,,,,,,694-753-6935,,,,2022-07-20
851,,,,,,,,,,834-879-9114,,,,2025-01-12
852,,,,,,,,,,730-802-2204,,,,2024-05-10
853,,,,,,,,,,453-504-2355,,,,2021-09-02
854,,,,,,,,,,659-329-6841,,,,2024-01-04
855,,,,,,,,,,692-649-8263,,,,2022-04-19
856,,,,,,,,,,445-767-1208,,,,2020-10-31
857,,,,,,,,,,234-504-2436,,,,2021-12-13
858,,,,,,,,,,109-441-8874,,,,2025-04-02
859,,,,,,,,,,865-426-3176,,,,2023-09-28
860,,,,,,,,,,286-559-5739,,,,2021-11-21
861,,,,,,,,,,824-877-7051,,,,2020-01-11
862,,,,,,,,,,995-323-6301,,,,2023-04-28
863,,,,,,,,,,817-223-8571,,,,2025-03-15
864,,,,,,,,,,836-494-9016,,,,2020-10-16
865,,,,,,,,,,105-710-9510,,,,2023-08-17
866,,,,,,,,,,637-915-9972,,,,2020-04-10
867,,,,,,,,,,498-375-4970,,,,2024-04-28
868,,,,,,,,,,574-721-4330,,,,2021-11-08
869,,,,,,,,,,167-733-3549,,,,2024-07-20
870,,,,,,,,,,882-740-2626,,,,2025-10-06
871,,,,,,,,,,861-578-1183,,,,2021-03-27
872,,,,,,,,,,676-864-9250,,,,2021-05-15
873,,,,,,,,,,924-553-5903,,,,2023-11-23
874,,,,,,,,,,349-713-7929,,,,2022-08-07
875,,,,,,,,,,830-763-3134,,,,2022-11-24
876,,,,,,,,,,465-586-7021,,,,2020-03-12
877,,,,,,,,,,717-119-7477,,,,2023-01-10
878,,,,,,,,,,959-337-3191,,,,2021-03-01
879,,,,,,,,,,192-734-2493,,,,2021-02-06
880,,,,,,,,,,145-561-1221,,,,2022-03-10
881,,,,,,,,,,255-753-6862,,,,2022-02-15
882,,,,,,,,,,223-920-3941,,,,2020-01-30
883,,,,,,,,,,441-526-7992,,,,2020-09-06
884,,,,,,,,,,591-739-8090,,,,2023-08-17
885,,,,,,,,,,812-161-9376,,,,2020-11-26
886,,,,,,,,,,289-662-3009,,,,2022-08-20
887,,,,,,,,,,246-276-7034,,,,2020-01-25
888,,,,,,,,,,522-482-3770,,,,2024-05-04
889,,,,,,,,,,498-858-1531,,,,2025-09-28
890,,,,,,,,,,447-585-6660,,,,2025-09-27
891,,,,,,,,,,296-374-9238,,,,2022-11-16
892,,,,,,,,,,697-533-5639,,,,2022-02-11
893,,,,,,,,,,381-623-6060,,,,2020-05-24
894,,,,,,,,,,483-270-9355,,,,2022-01-28
895,,,,,,,,,,557-879-7139,,,,2020-01-19
896,,,,,,,,,,609-490-8490,,,,2021-12-25
897,,,,,,,,,,546-338-4976,,,,2023-02-08
898,,,,,,,,,,245-471-2240,,,,2025-03-06
899,,,,,,,,,,201-559-3830,,,,2024-02-27
900,,,,,,,,,,198-563-8170,,,,2021-07-28
901,,,,,,,,,,997-705-4001,,,,2022-08-11
902,,,,,,,,,,110-673-2055,,,,2024-01-02
903,,,,,,,,,,285-496-9320,,,,2021-06-12
904,,,,,,,,,,251-326-2300,,,,2020-07-23
905,,,,,,,,,,167-149-4086,,,,2024-01-29
906,,,,,,,,,,831-367-2457,,,,2024-08-29
907,,,,,,,,,,541-344-9967,,,,2024-05-09
908,,,,,,,,,,490-345-6106,,,,2022-04-25
909,,,,,,,,,,452-207-4320,,,,2021-03-06
910,,,,,,,,,,331-628-4819,,,,2020-11-13
911,,,,,,,,,,536-226-3068,,,,2020-08-24
912,,,,,,,,,,925-218-6779,,,,2021-10-10
913,,,,,,,,,,898-293-1238,,,,2024-11-30
914,,,,,,,,,,682-799-7807,,,,2021-12-20
915,,,,,,,,,,253-906-6918,,,,2023-08-26
916,,,,,,,,,,965-130-1741,,,,2023-09-09
917,,,,,,,,,,603-774-8033,,,,2020-12-17
918,,,,,,,,,,875-453-3128,,,,2020-08-29
919,,,,,,,,,,222-644-7457,,,,2023-01-27
920,,,,,,,,,,256-831-2649,,,,2025-10-21
921,,,,,,,,,,121-742-8350,,,,2024-10-02
922,,,,,,,,,,209-677-2886,,,,2025-12-26
923,,,,,,,,,,894-117-7703,,,,2025-02-07
924,,,,,,,,,,729-564-8120,,,,2021-06-05
925,,,,,,,,,,360-589-6058,,,,2020-12-12
926,,,,,,,,,,900-266-5843,,,,2023-01-04
927,,,,,,,,,,667-478-5258,,,,2021-11-02
928,,,,,,,,,,523-527-2575,,,,2024-06-11
929,,,,,,,,,,317-495-7591,,,,2023-04-14
930,,,,,,,,,,624-212-7099,,,,2025-10-23
931,,,,,,,,,,813-506-8957,,,,2024-04-14
932,,,,,,,,,,362-652-5974,,,,2020-07-19
933,,,,,,,,,,211-622-6168,,,,2022-08-29
934,,,,,,,,,,647-450-7713,,,,2022-07-29
935,,,,,,,,,,970-581-9077,,,,2025-04-24
936,,,,,,,,,,805-544-6638,,,,2020-02-16
937,,,,,,,,,,668-528-1971,,,,2021-11-24
938,,,,,,,,,,720-744-9376,,,,2023-11-30
939,,,,,,,,,,274-994-5278,,,,2024-03-07
940,,,,,,,,,,442-638-6486,,,,2020-08-28
941,,,,,,,,,,827-164-6686,,,,2020-08-10
942,,,,,,,,,,713-760-5905,,,,2020-04-19
943,,,,,,,,,,339-534-8960,,,,2020-05-22
944,,,,,,,,,,597-490-5816,,,,2020-02-13
945,,,,,,,,,,966-834-6834,,,,2022-04-21
946,,,,,,,,,,786-469-8372,,,,2025-03-01
947,,,,,,,,,,370-786-7785,,,,2025-06-06
948,,,,,,,,,,686-398-7348,,,,2022-03-10
949,,,,,,,,,,941-729-1025,,,,2025-02-16
950,,,,,,,,,,925-819-1744,,,,2024-04-25
951,,,,,,,,,,437-403-8210,,,,2021-01-30
952,,,,,,,,,,436-744-5879,,,,2024-10-15
953,,,,,,,,,,976-396-3856,,,,2025-09-09
954,,,,,,,,,,585-543-2921,,,,2024-11-05
955,,,,,,,,,,735-915-4405,,,,2020-10-21
956,,,,,,,,,,967-462-3252,,,,2022-03-20
957,,,,,,,,,,744-908-2301,,,,2024-09-06
958,,,,,,,,,,485-179-6011,,,,2024-06-02
959,,,,,,,,,,269-489-4919,,,,2023-10-02
960,,,,,,,,,,169-745-3274,,,,2025-10-04
961,,,,,,,,,,266-757-4830,,,,2021-11-06
962,,,,,,,,,,588-480-5114,,,,2025-08-10
963,,,,,,,,,,865-417-4040,,,,2020-01-22
964,,,,,,,,,,452-734-9296,,,,2025-03-27
965,,,,,,,,,,521-529-8611,,,,2020-05-04
966,,,,,,,,,,126-729-1999,,,,2025-11-29
967,,,,,,,,,,826-875-4085,,,,2021-03-20
968,,,,,,,,,,799-900-4696,,,,2020-11-26
969,,,,,,,,,,127-520-4902,,,,2021-08-06
970,,,,,,,,,,232-193-3822,,,,2024-08-22
971,,,,,,,,,,446-191-9669,,,,2022-06-19
972,,,,,,,,,,955-123-5325,,,,2024-02-25
973,,,,,,,,,,445-188-3585,,,,2025-03-15
974,,,,,,,,,,134-879-2790,,,,2024-01-12
975,,,,,,,,,,837-285-2952,,,,2022-06-30
976,,,,,,,,,,347-564-4683,,,,2023-06-28
977,,,,,,,,,,449-377-9123,,,,2024-05-20
978,,,,,,,,,,219-659-7533,,,,2023-08-08
979,,,,,,,,,,944-228-6428,,,,2022-08-19
980,,,,,,,,,,789-958-1426,,,,2023-12-01
981,,,,,,,,,,580-530-2630,,,,2025-02-14
982,,,,,,,,,,539-896-6035,,,,2021-12-27
983,,,,,,,,,,952-297-5593,,,,2020-04-09
984,,,,,,,,,,798-374-9695,,,,2023-05-28
985,,,,,,,,,,304-146-4048,,,,2022-04-30
986,,,,,,,,,,832-293-8996,,,,2025-05-15
987,,,,,,,,,,596-548-2218,,,,2023-03-23
988,,,,,,,,,,340-352-5350,,,,2022-03-24
989,,,,,,,,,,992-494-6525,,,,2020-11-10
990,,,,,,,,,,560-187-6279,,,,2021-09-11
991,,,,,,,,,,599-771-8633,,,,2020-10-10
992,,,,,,,,,,268-353-9236,,,,2022-03-01
993,,,,,,,,,,800-815-3493,,,,2021-05-10
994,,,,,,,,,,841-568-1603,,,,2024-05-06
995,,,,,,,,,,962-574-6158,,,,2025-09-23
996,,,,,,,,,,897-575-6308,,,,2020-01-16
997,,,,,,,,,,130-257-9894,,,,2022-12-19
998,,,,,,,,,,529-543-5660,,,,2024-05-08
999,,,,,,,,,,129-899-3933,,,,2022-06-15
1000,,,,,,,,,,661-739-8234,,,,2022-12-31
